age,salary,years_experience,weekly_hours,performance_score,bonus,projects_handled,department,education_level,employment_type,region
56.0,7000.0,1.548044404628474,57.0,3.76,4104.0,,HR,PhD,Contract,North
46.0,8052.0,7.464551252216893,34.0,1.8,1169.0,7.0,Sales,Master,Full-time,North
32.0,missing,16.39131700105928,53.0,3.14,4864.0,1.0,Marketing,High School,Part-time,West
60.0,8387.0,11.555456799056829,54.0,1.39,1783.0,17.0,HR,Bachelor,Contract,West
25.0,missing,6.267442217674128,44.0,2.8,1423.0,9.0,IT,High School,Full-time,North
38.0,8536.0,,43.0,4.02,1625.0,13.0,HR,PhD,Part-time,West
56.0,16479.0,10.588402343014927,31.0,2.39,2029.0,19.0,HR,,Full-time,North
36.0,6913.0,5.742931760841161,37.0,3.66,2094.0,19.0,IT,PhD,Part-time,South
40.0,13636.0,1.6894295910947106,34.0,4.18,746.0,17.0,Finance,Master,Part-time,West
28.0,8726.0,4.048619147445124,35.0,4.71,4211.0,10.0,Finance,PhD,Part-time,West
28.0,6373.0,5.262316598096636,46.0,1.94,2060.0,10.0,Sales,PhD,Full-time,West
41.0,,5.262316598096636,27.0,2.6,2900.0,4.0,Sales,Master,Contract,South
53.0,5082.0,6.267442217674128,44.0,1.61,2743.0,8.0,Finance,High School,Full-time,North
57.0,19281.0,10.588402343014927,36.0,4.97,,18.0,Marketing,Master,Part-time,East
41.0,18305.0,30.221125126810783,48.0,,2439.0,14.0,HR,Master,Full-time,West
20.0,64085.0,1.6894295910947106,27.0,3.16,3569.0,18.0,Marketing,PhD,Contract,
39.0,14261.0,1.0,34.0,4.37,726.0,14.0,HR,High School,Full-time,South
19.0,3417.0,15.019558495799362,46.0,3.08,4047.0,15.0,Finance,Bachelor,Contract,East
41.0,,2.8541723432664408,26.0,3.49,764.0,4.0,Sales,Master,Contract,West
61.0,6267.0,12.610833769738296,22.0,1.36,1895.0,13.0,Sales,High School,Full-time,South
47.0,8745.0,,48.0,4.02,4057.0,8.0,Marketing,Master,Part-time,South
unknown,14338.0,4.821923214798455,43.0,1.51,1145.0,18.0,Sales,Master,Contract,East
19.0,3412.0,15.019558495799362,,4.3,3490.0,12.0,Finance,Master,Full-time,North
38.0,10543.0,12.610833769738296,39.0,4.13,2399.0,14.0,Marketing,Master,Contract,West
50.0,10587.0,11.555456799056829,34.0,3.83,3004.0,2.0,HR,PhD,Part-time,West
29.0,3728.0,11.555456799056829,44.0,1.14,3272.0,18.0,Sales,High School,Full-time,North
,14657.0,12.610833769738296,49.0,2.21,1654.0,2.0,,High School,Full-time,North
61.0,8988.0,3.7097978221234857,33.0,2.05,1087.0,11.0,Sales,High School,Full-time,North
42.0,5967.0,30.221125126810783,26.0,2.44,2321.0,9.0,HR,Master,Part-time,East
44.0,17527.0,4.821923214798455,36.0,1.35,1485.0,12.0,Marketing,PhD,Contract,East
59.0,19048.0,4.418385525838954,39.0,4.75,4579.0,17.0,HR,Master,Full-time,West
45.0,8073.0,1.0,,3.22,3848.0,15.0,IT,Master,Contract,East
unknown,8104.0,3.1148481273414776,28.0,2.22,4331.0,17.0,Finance,High School,Contract,South
32.0,5143.0,1.0913314799262288,57.0,2.59,1741.0,18.0,Sales,Master,,West
64.0,10357.0,10.588402343014927,41.0,2.79,,6.0,Marketing,,Full-time,East
,15043.0,12.610833769738296,21.0,3.4,,17.0,Finance,Master,,North
20.0,6440.0,,43.0,3.06,2198.0,18.0,HR,Bachelor,Full-time,South
54.0,8644.0,1.299780593444413,27.0,4.68,2215.0,8.0,Marketing,Master,Full-time,North
24.0,,1.0,30.0,2.99,3093.0,9.0,Finance,PhD,Part-time,West
38.0,17552.0,1.8437276958805542,32.0,4.97,4636.0,6.0,,PhD,Full-time,North
26.0,5914.0,11.555456799056829,36.0,4.41,4933.0,5.0,IT,High School,Full-time,East
56.0,16584.0,27.69197597860336,27.0,1.83,1598.0,12.0,IT,Master,Contract,East
35.0,15144.0,1.1910043990779728,40.0,4.72,2826.0,11.0,Sales,Bachelor,Part-time,West
21.0,17397.0,15.019558495799362,37.0,1.47,3747.0,1.0,Sales,Bachelor,Full-time,North
42.0,11787.0,2.195887796495635,49.0,4.27,1395.0,11.0,IT,Master,Contract,
31.0,17191.0,2.195887796495635,37.0,2.52,2174.0,19.0,Marketing,bachelor,Part-time,
26.0,3728.0,4.821923214798455,50.0,4.51,3409.0,9.0,IT,PhD,Part-time,South
43.0,3698.0,17.888360240705985,57.0,4.47,1430.0,2.0,Sales,Bachelor,,East
19.0,10186.0,16.39131700105928,51.0,4.22,4884.0,12.0,sales,High School,Contract,West
37.0,17512.0,6.839856990766432,,4.16,1223.0,4.0,IT,PhD,Contract,South
45.0,16923.0,10.588402343014927,44.0,2.22,,4.0,Marketing,PhD,Contract,South
64.0,19779.0,15.019558495799362,52.0,1.32,1589.0,18.0,Finance,PhD,Contract,West
24.0,10400.0,1.6894295910947106,57.0,2.61,1435.0,15.0,Sales,Master,Full-time,West
61.0,7171.0,11.555456799056829,27.0,,2795.0,19.0,Marketing,Master,Full-time,South
25.0,7360.0,1.8437276958805542,30.0,3.78,655.0,13.0,,PhD,Part-time,North
64.0,5502.0,1.0,41.0,2.38,,19.0,IT,Master,Full-time,South
52.0,8486.0,1.1910043990779728,43.0,4.9,2458.0,17.0,Finance,Bachelor,Full-time,West
31.0,11335.0,7.464551252216893,36.0,3.56,3001.0,6.0,Sales,Master,Full-time,
34.0,7491.0,6.839856990766432,31.0,4.29,4719.0,16.0,Sales,Master,Contract,North
53.0,14130.0,1.8437276958805542,,1.53,4330.0,12.0,HR,PhD,,East
57.0,10651.0,23.250943489412272,34.0,,1354.0,19.0,Sales,High School,Part-time,East
21.0,4167.0,1.1910043990779728,35.0,4.69,1139.0,5.0,Finance,High School,Part-time,South
19.0,4062.0,16.39131700105928,41.0,,2738.0,17.0,HR,High School,Part-time,North
23.0,14174.0,10.588402343014927,47.0,3.43,,1.0,,Bachelor,Full-time,East
59.0,7729.0,1.8437276958805542,39.0,4.06,941.0,10.0,IT,Master,Full-time,South
21.0,12348.0,17.888360240705985,52.0,1.7,1836.0,15.0,IT,,,South
46.0,8334.0,19.522130654943172,29.0,3.01,4200.0,11.0,Sales,PhD,Part-time,North
35.0,11924.0,15.019558495799362,59.0,2.59,1448.0,13.0,HR,High School,Full-time,West
43.0,7330.0,7.464551252216893,51.0,1.59,3873.0,,IT,High School,Full-time,South
unknown,9801.0,3.1148481273414776,52.0,2.47,959.0,1.0,Finance,Master,Contract,West
51.0,7846.0,15.019558495799362,21.0,1.27,892.0,12.0,IT,Master,Contract,West
27.0,9731.0,3.7097978221234857,52.0,1.1,4438.0,11.0,IT,Master,Contract,East
53.0,18368.0,1.299780593444413,52.0,1.54,2287.0,17.0,HR,Bachelor,Full-time,West
31.0,5539.0,23.250943489412272,32.0,4.85,2757.0,4.0,HR,Bachelor,Full-time,
48.0,10056.0,5.742931760841161,49.0,3.2,1638.0,15.0,Marketing,High School,,East
32.0,14516.0,3.1148481273414776,52.0,4.86,4308.0,9.0,Finance,Master,Part-time,East
25.0,,13.762599881032157,32.0,2.73,2954.0,19.0,HR,High School,Contract,East
31.0,4542.0,4.418385525838954,45.0,2.25,1966.0,19.0,Sales,PhD,Contract,South
40.0,16964.0,1.6894295910947106,41.0,3.02,4174.0,12.0,Finance,PhD,Contract,South
57.0,9313.0,2.195887796495635,58.0,2.76,1877.0,5.0,Finance,,Contract,West
,16807.0,1.6894295910947106,21.0,1.42,3097.0,10.0,HR,Master,Full-time,East
33.0,12580.0,16.39131700105928,57.0,3.56,641.0,17.0,Finance,PhD,Part-time,East
62.0,11691.0,6.839856990766432,58.0,1.86,3159.0,5.0,HR,Master,Contract,North
35.0,10494.0,5.742931760841161,45.0,3.48,1339.0,16.0,IT,Bachelor,Part-time,West
64.0,7312.0,4.821923214798455,34.0,3.6,4118.0,7.0,Marketing,Bachelor,Part-time,North
41.0,,4.821923214798455,53.0,1.61,4417.0,9.0,IT,Master,Part-time,West
43.0,6141.0,21.30511573897233,59.0,1.25,1095.0,3.0,,,Contract,West
42.0,,11.555456799056829,30.0,4.12,2404.0,15.0,HR,High School,Full-time,South
62.0,9588.0,4.418385525838954,22.0,2.84,780.0,16.0,IT,Master,Contract,South
58.0,8301.0,1.0913314799262288,25.0,1.23,923.0,18.0,Sales,Master,Part-time,North
46.0,18485.0,1.0,28.0,4.98,4865.0,14.0,Sales,High School,Part-time,West
32.0,,1.4184914786230833,25.0,1.23,4749.0,3.0,Sales,Master,Full-time,East
62.0,7748.0,5.262316598096636,28.0,3.78,2250.0,12.0,HR,High School,Contract,South
18.0,12435.0,2.396441478701527,58.0,4.93,2467.0,9.0,Finance,PhD,Part-time,East
42.0,6709.0,1.0913314799262288,50.0,,4588.0,7.0,HR,Bachelor,Full-time,North
24.0,16116.0,1.1910043990779728,51.0,1.57,4678.0,9.0,Finance,PhD,Part-time,South
unknown,12576.0,6.839856990766432,31.0,1.49,3446.0,13.0,IT,,Full-time,South
41.0,13150.0,2.615312025507938,27.0,2.21,1949.0,18.0,Marketing,High School,Full-time,West
18.0,9530.0,5.262316598096636,27.0,1.4,2831.0,5.0,Finance,Bachelor,Contract,North
61.0,13188.0,1.4184914786230833,47.0,3.77,2720.0,13.0,,PhD,Part-time,West
25.0,,23.250943489412272,39.0,1.25,4289.0,4.0,HR,Bachelor,Contract,South
41.0,,25.374486567981407,26.0,3.04,3310.0,2.0,IT,High School,Part-time,North
28.0,,12.610833769738296,30.0,4.99,2031.0,16.0,Sales,Bachelor,Contract,South
34.0,22655.0,2.0121180749263012,39.0,4.26,3490.0,9.0,IT,Master,Part-time,North
25.0,3823.0,17.888360240705985,,3.46,4993.0,9.0,Marketing,PhD,Contract,South
52.0,8029.0,19.522130654943172,23.0,2.23,1643.0,,HR,,Full-time,East
52.0,16428.0,6.267442217674128,25.0,3.5,1433.0,11.0,HR,High School,Part-time,East
50.0,19517.0,7.464551252216893,41.0,3.11,1960.0,1.0,Marketing,Bachelor,Part-time,West
22.0,5105.0,4.048619147445124,45.0,2.7,3223.0,4.0,HR,Master,Full-time,East
59.0,6627.0,2.195887796495635,22.0,1.52,3012.0,13.0,Finance,Master,Contract,South
56.0,15972.0,12.610833769738296,33.0,4.55,,,IT,Bachelor,Part-time,South
58.0,4852.0,6.839856990766432,30.0,2.8,764.0,13.0,Sales,Bachelor,Part-time,East
45.0,7910.0,,37.0,1.78,2867.0,2.0,Marketing,PhD,Contract,
24.0,70015.0,4.048619147445124,31.0,2.47,3947.0,9.0,Finance,Master,Full-time,East
26.0,16843.0,4.048619147445124,42.0,2.66,2262.0,8.0,sales,,Contract,North
25.0,14704.0,3.1148481273414776,31.0,4.31,3548.0,7.0,,High School,Contract,North
29.0,18761.0,,32.0,3.93,2881.0,,Marketing,PhD,Contract,North
51.0,9190.0,30.221125126810783,44.0,4.08,2769.0,18.0,Finance,High School,Part-time,East
50.0,8645.0,1.0913314799262288,38.0,1.04,540.0,3.0,Sales,Master,Full-time,East
,12588.0,8.146299765067045,55.0,2.66,567.0,6.0,Sales,High School,Full-time,East
41.0,14829.0,27.69197597860336,27.0,2.93,1487.0,12.0,Finance,Master,Contract,North
54.0,11053.0,2.0121180749263012,48.0,1.08,4508.0,12.0,HR,Master,Part-time,West
52.0,6330.0,6.267442217674128,51.0,2.04,3698.0,8.0,Sales,High School,Contract,South
61.0,11662.0,1.299780593444413,37.0,4.04,3024.0,1.0,IT,High School,Part-time,East
57.0,10114.0,8.890313378533309,25.0,1.55,,4.0,Finance,Bachelor,Part-time,West
39.0,16323.0,11.555456799056829,37.0,3.14,2979.0,,Sales,Bachelor,Part-time,South
44.0,4353.0,17.888360240705985,38.0,1.86,2193.0,3.0,sales,,Part-time,South
52.0,13975.0,,41.0,1.05,2815.0,13.0,IT,Master,Full-time,South
18.0,14023.0,23.250943489412272,56.0,1.96,,17.0,Sales,High School,Part-time,West
52.0,3667.0,2.396441478701527,51.0,4.9,2085.0,10.0,IT,PhD,Part-time,West
54.0,12337.0,1.548044404628474,22.0,4.21,1992.0,12.0,IT,Master,Contract,North
64.0,16659.0,4.418385525838954,47.0,4.84,1160.0,15.0,HR,PhD,Contract,West
31.0,6719.0,5.742931760841161,29.0,2.95,1848.0,10.0,IT,High School,Full-time,West
20.0,10483.0,21.30511573897233,54.0,1.44,1799.0,14.0,HR,,Contract,West
18.0,3539.0,25.374486567981407,48.0,3.19,4440.0,13.0,Finance,PhD,Part-time,South
22.0,7964.0,17.888360240705985,34.0,2.82,2486.0,5.0,HR,,Contract,East
43.0,7835.0,4.048619147445124,52.0,4.38,2544.0,6.0,,Bachelor,Full-time,North
31.0,,23.250943489412272,26.0,1.39,4016.0,2.0,Sales,Bachelor,Contract,East
,,8.146299765067045,31.0,2.95,1558.0,17.0,Finance,Bachelor,Contract,East
44.0,10312.0,25.374486567981407,49.0,1.6,1476.0,4.0,Finance,Master,Full-time,West
26.0,8320.0,2.615312025507938,40.0,2.3,1227.0,14.0,Marketing,High School,Full-time,North
32.0,16216.0,6.839856990766432,,,3027.0,,HR,High School,Part-time,East
,,6.267442217674128,43.0,2.9,3636.0,3.0,Sales,Bachelor,Contract,East
43.0,4581.0,5.742931760841161,,2.5,,3.0,HR,Bachelor,Part-time,North
,15677.0,9.70227885640271,56.0,,1947.0,15.0,IT,Bachelor,Contract,West
30.0,8713.0,13.762599881032157,23.0,2.84,2879.0,6.0,HR,PhD,Contract,East
49.0,19639.0,1.548044404628474,47.0,4.14,4159.0,17.0,Finance,Bachelor,Part-time,South
56.0,7804.0,9.70227885640271,39.0,4.57,1026.0,12.0,sales,PhD,Contract,East
49.0,13136.0,30.221125126810783,43.0,4.82,2396.0,11.0,HR,High School,Contract,South
21.0,3009.0,,51.0,4.15,,4.0,Sales,Master,Contract,West
47.0,8124.0,2.615312025507938,55.0,2.26,905.0,6.0,Sales,,Full-time,East
54.0,4015.0,,53.0,3.75,,1.0,IT,Master,Part-time,
40.0,25965.0,2.195887796495635,55.0,2.75,4240.0,16.0,IT,Master,Full-time,North
56.0,11415.0,4.048619147445124,21.0,2.02,4774.0,15.0,Finance,PhD,Part-time,East
62.0,16550.0,8.890313378533309,34.0,4.36,4727.0,17.0,Marketing,PhD,Part-time,West
32.0,17512.0,5.742931760841161,53.0,,2346.0,8.0,Sales,Bachelor,Contract,West
60.0,7158.0,10.588402343014927,55.0,4.61,1978.0,12.0,Marketing,PhD,Part-time,North
46.0,9970.0,1.0913314799262288,25.0,,2895.0,10.0,Finance,bachelor,Full-time,East
53.0,9938.0,,58.0,3.55,1271.0,15.0,Sales,Bachelor,Full-time,West
30.0,16772.0,21.30511573897233,31.0,3.64,1078.0,9.0,Sales,Master,Full-time,North
49.0,13344.0,8.890313378533309,22.0,4.58,3401.0,2.0,Marketing,PhD,Part-time,South
24.0,10266.0,11.555456799056829,37.0,3.55,693.0,5.0,HR,PhD,Full-time,East
39.0,11702.0,5.742931760841161,59.0,3.46,2507.0,6.0,IT,Bachelor,Part-time,South
45.0,,2.396441478701527,40.0,1.27,1685.0,7.0,HR,Bachelor,Full-time,South
19.0,3404.0,30.221125126810783,34.0,3.07,2894.0,,Marketing,High School,Full-time,West
,11175.0,2.396441478701527,52.0,1.6,3498.0,7.0,IT,High School,Part-time,West
62.0,18158.0,21.30511573897233,54.0,3.95,2292.0,12.0,HR,Bachelor,Full-time,West
23.0,15763.0,27.69197597860336,45.0,3.05,1610.0,,IT,High School,Contract,East
unknown,12860.0,30.221125126810783,,3.72,4505.0,16.0,Sales,High School,Part-time,South
45.0,8989.0,19.522130654943172,55.0,1.17,2761.0,11.0,HR,Bachelor,Part-time,East
61.0,18106.0,17.888360240705985,49.0,1.34,4236.0,4.0,IT,Bachelor,Part-time,West
61.0,6636.0,7.464551252216893,42.0,3.87,4293.0,13.0,IT,bachelor,Contract,South
37.0,13916.0,6.267442217674128,33.0,1.29,2436.0,7.0,IT,Bachelor,Part-time,East
unknown,7809.0,1.4184914786230833,33.0,1.29,4857.0,,HR,Bachelor,Full-time,East
28.0,16456.0,16.39131700105928,21.0,1.05,1229.0,15.0,Finance,Master,Full-time,North
45.0,18444.0,21.30511573897233,56.0,4.83,4878.0,19.0,HR,PhD,Full-time,East
42.0,8997.0,5.262316598096636,24.0,,,9.0,Marketing,PhD,Part-time,
56.0,5048.0,4.821923214798455,57.0,2.41,4957.0,11.0,HR,PhD,Full-time,East
50.0,15338.0,19.522130654943172,33.0,2.19,2640.0,8.0,IT,Master,Part-time,South
18.0,7544.0,4.048619147445124,58.0,2.4,2144.0,1.0,Sales,Bachelor,Full-time,East
44.0,,17.888360240705985,44.0,4.1,3300.0,8.0,HR,PhD,Contract,North
,15775.0,2.0121180749263012,39.0,3.65,641.0,13.0,HR,PhD,Contract,
58.0,13015.0,8.890313378533309,21.0,,1955.0,4.0,IT,High School,Contract,South
20.0,6419.0,1.0913314799262288,58.0,1.7,2596.0,8.0,Sales,PhD,Contract,North
56.0,17430.0,2.0121180749263012,25.0,1.39,1825.0,3.0,Sales,Bachelor,,West
23.0,10239.0,2.0121180749263012,36.0,3.64,1713.0,9.0,Marketing,Bachelor,Full-time,South
25.0,17489.0,30.221125126810783,44.0,4.06,1659.0,2.0,HR,High School,Contract,West
44.0,19633.0,4.048619147445124,47.0,2.06,4999.0,2.0,Sales,,Part-time,South
26.0,13357.0,1.0,21.0,1.08,840.0,13.0,Sales,PhD,Contract,South
54.0,7363.0,8.146299765067045,54.0,1.33,,15.0,Finance,PhD,Contract,West
50.0,13176.0,30.221125126810783,56.0,4.87,2468.0,12.0,Finance,Master,Part-time,South
59.0,11427.0,8.146299765067045,24.0,2.18,1203.0,4.0,Sales,PhD,Part-time,West
61.0,11580.0,27.69197597860336,20.0,4.08,4913.0,8.0,Marketing,Bachelor,Full-time,North
41.0,7858.0,19.522130654943172,59.0,3.5,2929.0,9.0,Sales,Bachelor,Full-time,West
32.0,13040.0,1.1910043990779728,31.0,2.53,2300.0,5.0,sales,,Contract,North
49.0,18254.0,23.250943489412272,55.0,1.82,1355.0,18.0,HR,Master,Contract,South
49.0,14470.0,12.610833769738296,42.0,1.49,2312.0,11.0,Marketing,PhD,Full-time,West
41.0,4252.0,25.374486567981407,50.0,3.46,3366.0,15.0,IT,bachelor,Full-time,South
,9996.0,17.888360240705985,30.0,4.1,4142.0,9.0,Marketing,Master,Part-time,West
29.0,15173.0,2.615312025507938,29.0,3.58,682.0,17.0,IT,Master,Full-time,North
56.0,7673.0,4.821923214798455,22.0,3.12,3612.0,12.0,HR,PhD,Full-time,North
19.0,18781.0,23.250943489412272,33.0,,4992.0,,HR,PhD,Contract,West
20.0,16051.0,4.048619147445124,35.0,4.87,2017.0,10.0,Finance,Master,Full-time,North
54.0,9881.0,2.195887796495635,29.0,4.19,1856.0,10.0,IT,High School,,South
34.0,9949.0,2.615312025507938,48.0,2.17,2674.0,13.0,Finance,Master,Full-time,South
,12521.0,3.7097978221234857,29.0,4.92,,19.0,IT,PhD,Part-time,East
19.0,11017.0,7.464551252216893,31.0,3.41,4128.0,11.0,Finance,PhD,,North
45.0,9941.0,,,3.33,4596.0,13.0,HR,Master,,South
40.0,13209.0,1.8437276958805542,20.0,3.99,,8.0,Marketing,High School,Full-time,West
54.0,12550.0,,24.0,4.25,4191.0,8.0,Finance,Master,Contract,North
49.0,7637.0,5.742931760841161,39.0,3.63,518.0,,IT,Master,,South
50.0,7854.0,4.048619147445124,27.0,1.51,3903.0,15.0,IT,PhD,Full-time,North
18.0,missing,6.839856990766432,31.0,2.35,3504.0,11.0,HR,High School,Contract,West
36.0,7892.0,23.250943489412272,20.0,4.71,1632.0,11.0,IT,Bachelor,,South
19.0,10043.0,3.7097978221234857,,1.9,3839.0,1.0,Sales,High School,Contract,East
61.0,19521.0,1.548044404628474,47.0,2.49,3811.0,17.0,Marketing,Master,Contract,East
43.0,7164.0,1.8437276958805542,56.0,2.73,3872.0,15.0,,Master,Part-time,North
49.0,10941.0,8.146299765067045,,2.76,1487.0,6.0,Marketing,Master,Full-time,West
23.0,17388.0,,31.0,3.45,3821.0,15.0,HR,High School,Contract,
49.0,8569.0,8.146299765067045,56.0,4.77,673.0,9.0,Finance,PhD,,West
,7300.0,2.615312025507938,47.0,1.96,4241.0,14.0,Finance,Master,Full-time,South
28.0,9269.0,3.3993318165570168,,1.49,3552.0,18.0,Sales,Master,Full-time,North
34.0,6818.0,8.890313378533309,25.0,1.79,1226.0,17.0,HR,High School,Part-time,South
55.0,15015.0,8.890313378533309,39.0,4.55,4260.0,18.0,,Bachelor,Part-time,West
41.0,15234.0,15.019558495799362,,3.58,2375.0,5.0,Sales,Bachelor,Part-time,West
22.0,9254.0,2.195887796495635,21.0,2.14,4533.0,9.0,Sales,PhD,Full-time,North
51.0,10350.0,3.7097978221234857,28.0,4.26,1489.0,11.0,Marketing,PhD,Contract,West
23.0,18183.0,1.6894295910947106,56.0,4.45,4244.0,1.0,Marketing,Master,Contract,South
39.0,9238.0,4.048619147445124,39.0,4.39,3186.0,18.0,Marketing,High School,Part-time,North
28.0,45450.0,6.839856990766432,45.0,4.68,919.0,6.0,Sales,Master,Full-time,South
33.0,14637.0,8.890313378533309,48.0,2.01,1093.0,2.0,IT,PhD,Contract,West
50.0,15647.0,5.742931760841161,20.0,4.02,2274.0,15.0,,,Part-time,North
26.0,12911.0,6.267442217674128,54.0,,2959.0,14.0,Marketing,High School,Contract,South
23.0,11472.0,1.6894295910947106,25.0,4.37,1435.0,5.0,,PhD,Contract,West
33.0,,,56.0,3.91,4308.0,6.0,,Bachelor,Full-time,West
46.0,3666.0,3.3993318165570168,24.0,4.11,831.0,6.0,Marketing,Bachelor,Full-time,East
20.0,7188.0,1.6894295910947106,52.0,3.62,3949.0,18.0,Finance,High School,Contract,West
37.0,13161.0,2.0121180749263012,33.0,1.71,3202.0,14.0,HR,Master,Part-time,South
53.0,14314.0,,31.0,3.18,4506.0,10.0,HR,Bachelor,Full-time,North
36.0,15891.0,6.839856990766432,39.0,4.94,4368.0,14.0,Finance,Master,Contract,East
43.0,7777.0,11.555456799056829,43.0,4.75,4700.0,13.0,Marketing,Bachelor,Full-time,West
20.0,,4.418385525838954,53.0,1.17,701.0,3.0,Sales,Bachelor,Full-time,West
36.0,16716.0,13.762599881032157,44.0,1.66,2997.0,6.0,Finance,Master,Full-time,West
37.0,9981.0,12.610833769738296,48.0,1.53,2342.0,8.0,,PhD,Contract,South
49.0,9376.0,27.69197597860336,58.0,,2366.0,12.0,Finance,Bachelor,Part-time,East
24.0,19907.0,19.522130654943172,50.0,4.27,2496.0,13.0,HR,Bachelor,Part-time,South
58.0,13160.0,4.418385525838954,42.0,1.85,1409.0,11.0,IT,Master,Part-time,East
50.0,17124.0,27.69197597860336,57.0,3.02,4805.0,12.0,Sales,PhD,Full-time,North
57.0,19282.0,4.048619147445124,39.0,4.36,3689.0,1.0,Marketing,Bachelor,Contract,South
56.0,13488.0,3.1148481273414776,42.0,3.93,1270.0,17.0,Marketing,Bachelor,Full-time,South
35.0,8240.0,13.762599881032157,35.0,3.17,3655.0,16.0,IT,PhD,Part-time,North
57.0,,7.464551252216893,27.0,3.36,3001.0,11.0,Finance,Bachelor,,East
18.0,67390.0,19.522130654943172,,3.03,3214.0,13.0,Sales,PhD,Contract,West
28.0,15394.0,17.888360240705985,20.0,2.19,4085.0,18.0,,PhD,Full-time,North
45.0,7432.0,1.1910043990779728,27.0,3.26,2128.0,11.0,,Master,,West
42.0,16568.0,23.250943489412272,,3.76,886.0,,,High School,,West
40.0,17178.0,30.221125126810783,51.0,4.49,3921.0,6.0,IT,PhD,Full-time,North
48.0,3302.0,8.890313378533309,57.0,3.55,4508.0,,Sales,Master,Full-time,
47.0,,6.839856990766432,24.0,4.04,4593.0,16.0,IT,High School,Part-time,West
59.0,16013.0,27.69197597860336,41.0,1.64,4863.0,4.0,IT,Bachelor,Part-time,North
52.0,11717.0,3.3993318165570168,53.0,2.85,2966.0,3.0,Sales,High School,Full-time,South
,11150.0,1.299780593444413,20.0,1.04,2782.0,16.0,Sales,PhD,Full-time,
33.0,5125.0,11.555456799056829,45.0,1.99,2356.0,12.0,Marketing,PhD,Part-time,South
43.0,14479.0,6.267442217674128,29.0,3.91,2498.0,11.0,Marketing,PhD,Full-time,North
19.0,18745.0,8.146299765067045,49.0,4.97,1736.0,5.0,Sales,PhD,Part-time,South
18.0,19748.0,2.8541723432664408,37.0,1.4,4644.0,18.0,HR,PhD,Full-time,West
29.0,9809.0,4.418385525838954,36.0,2.61,1650.0,19.0,Marketing,Master,Part-time,South
22.0,7621.0,16.39131700105928,45.0,4.2,4818.0,6.0,HR,PhD,Contract,South
54.0,18034.0,3.7097978221234857,27.0,1.82,1931.0,18.0,Sales,Master,Part-time,West
49.0,16623.0,,59.0,3.22,2319.0,6.0,Marketing,Bachelor,Part-time,South
26.0,8126.0,19.522130654943172,31.0,3.93,2824.0,4.0,IT,PhD,Contract,West
58.0,8122.0,17.888360240705985,46.0,3.46,1630.0,,Sales,PhD,Full-time,
52.0,8870.0,12.610833769738296,27.0,1.75,3158.0,19.0,Finance,High School,Contract,West
36.0,4531.0,2.8541723432664408,44.0,2.42,4000.0,,HR,Bachelor,Part-time,South
33.0,11172.0,2.8541723432664408,23.0,4.14,874.0,17.0,Sales,PhD,Full-time,West
20.0,10673.0,4.418385525838954,52.0,3.22,2620.0,11.0,,PhD,Contract,North
37.0,9882.0,15.019558495799362,20.0,1.02,4520.0,11.0,Marketing,Bachelor,Full-time,West
41.0,4906.0,15.019558495799362,38.0,4.04,2521.0,16.0,Marketing,Master,Full-time,South
50.0,6086.0,19.522130654943172,50.0,1.14,4205.0,2.0,Marketing,PhD,Contract,South
41.0,16503.0,27.69197597860336,35.0,3.98,3759.0,2.0,Finance,High School,Full-time,East
28.0,11152.0,,33.0,1.81,3935.0,8.0,sales,PhD,Contract,West
25.0,8750.0,11.555456799056829,24.0,4.83,2389.0,13.0,Sales,High School,Part-time,North
53.0,15772.0,3.7097978221234857,45.0,2.47,2323.0,10.0,Marketing,High School,Full-time,West
55.0,13267.0,2.195887796495635,47.0,2.31,1974.0,8.0,IT,PhD,Part-time,West
57.0,missing,12.610833769738296,21.0,1.6,2742.0,4.0,Marketing,PhD,Part-time,North
37.0,missing,8.146299765067045,25.0,2.22,3743.0,15.0,Finance,High School,,West
52.0,19509.0,27.69197597860336,28.0,4.51,3634.0,1.0,IT,Bachelor,Contract,North
42.0,18147.0,5.262316598096636,52.0,4.99,2570.0,11.0,Sales,Bachelor,Full-time,North
52.0,7632.0,,44.0,2.47,859.0,7.0,Sales,PhD,Part-time,West
42.0,9288.0,1.0,32.0,2.79,2541.0,17.0,HR,Master,Part-time,West
46.0,6596.0,12.610833769738296,28.0,3.89,1641.0,18.0,IT,Bachelor,Contract,South
35.0,14475.0,1.1910043990779728,32.0,4.54,2135.0,12.0,HR,PhD,Full-time,South
63.0,9168.0,3.1148481273414776,50.0,3.37,4500.0,9.0,sales,Bachelor,Part-time,East
35.0,12795.0,12.610833769738296,30.0,2.57,2443.0,5.0,,Master,Part-time,East
19.0,10561.0,,,2.65,3861.0,10.0,Finance,PhD,Part-time,West
52.0,11258.0,4.418385525838954,53.0,3.78,3480.0,4.0,HR,Master,Contract,North
33.0,98080.0,23.250943489412272,57.0,1.01,506.0,5.0,Finance,PhD,Part-time,East
58.0,9371.0,8.146299765067045,23.0,3.48,3767.0,10.0,IT,Master,Part-time,West
53.0,17369.0,1.0,57.0,2.42,,11.0,Sales,Bachelor,,East
,15910.0,3.3993318165570168,38.0,4.18,3764.0,10.0,IT,Bachelor,Full-time,North
21.0,10943.0,2.0121180749263012,25.0,1.37,3106.0,,Finance,Master,Part-time,West
50.0,15199.0,3.3993318165570168,53.0,3.35,3719.0,2.0,HR,Master,Part-time,North
unknown,18728.0,7.464551252216893,37.0,2.92,3773.0,8.0,HR,Master,Full-time,West
38.0,9738.0,1.299780593444413,32.0,,1413.0,16.0,Finance,PhD,Contract,East
37.0,18913.0,2.615312025507938,42.0,1.26,2511.0,5.0,HR,Bachelor,Contract,South
25.0,5472.0,23.250943489412272,38.0,3.32,1942.0,,Marketing,PhD,Contract,East
24.0,18679.0,23.250943489412272,30.0,3.25,3554.0,12.0,Sales,Bachelor,Contract,East
20.0,4761.0,1.548044404628474,20.0,3.24,4046.0,13.0,Sales,High School,Contract,South
34.0,,27.69197597860336,43.0,3.41,4721.0,13.0,Sales,PhD,Contract,South
50.0,13554.0,7.464551252216893,26.0,3.71,3428.0,10.0,HR,bachelor,Contract,West
29.0,17277.0,2.396441478701527,44.0,4.22,2329.0,,HR,Bachelor,Contract,West
39.0,6812.0,2.8541723432664408,40.0,2.08,1075.0,9.0,IT,,Full-time,North
39.0,4605.0,17.888360240705985,34.0,4.3,1429.0,2.0,IT,PhD,Contract,North
63.0,8622.0,8.146299765067045,20.0,2.99,4259.0,19.0,Sales,Bachelor,Contract,
47.0,9767.0,1.6894295910947106,31.0,1.31,4199.0,1.0,Marketing,PhD,Contract,South
55.0,14613.0,1.299780593444413,26.0,1.23,1963.0,7.0,IT,Master,Part-time,North
55.0,13589.0,1.8437276958805542,34.0,2.34,3775.0,17.0,IT,PhD,Full-time,East
,16918.0,5.262316598096636,40.0,4.14,1554.0,3.0,HR,PhD,Full-time,South
25.0,16046.0,11.555456799056829,38.0,3.83,2400.0,3.0,Marketing,PhD,Full-time,West
44.0,5590.0,2.195887796495635,48.0,4.15,1957.0,3.0,Sales,Bachelor,Contract,East
44.0,7324.0,17.888360240705985,44.0,3.07,1899.0,17.0,IT,Master,Contract,West
,13787.0,8.890313378533309,52.0,2.76,3915.0,7.0,Marketing,High School,Part-time,North
38.0,12111.0,1.1910043990779728,51.0,,942.0,14.0,Marketing,High School,Full-time,North
47.0,8342.0,1.548044404628474,54.0,2.31,4150.0,17.0,Sales,Master,Contract,South
50.0,19389.0,1.4184914786230833,57.0,2.74,1678.0,18.0,Marketing,Master,Full-time,East
45.0,,,45.0,1.35,4958.0,13.0,Marketing,Master,Part-time,West
64.0,17043.0,6.839856990766432,30.0,1.88,1757.0,18.0,Marketing,Bachelor,Part-time,South
50.0,11837.0,2.0121180749263012,54.0,3.39,4134.0,4.0,IT,High School,Part-time,North
,3117.0,19.522130654943172,27.0,3.94,2341.0,1.0,Sales,Master,Full-time,North
36.0,16917.0,,33.0,4.99,2809.0,18.0,Marketing,Bachelor,Contract,East
21.0,17309.0,19.522130654943172,,4.73,1410.0,1.0,Marketing,High School,Contract,West
52.0,16234.0,4.418385525838954,21.0,3.57,4840.0,13.0,IT,PhD,Part-time,East
34.0,8560.0,4.048619147445124,,2.68,4509.0,10.0,Sales,Bachelor,Contract,West
61.0,3846.0,7.464551252216893,22.0,3.54,2669.0,11.0,HR,,Part-time,West
45.0,13954.0,1.1910043990779728,40.0,4.14,2672.0,9.0,IT,Bachelor,Full-time,East
47.0,16703.0,15.019558495799362,45.0,1.47,623.0,9.0,Sales,High School,Part-time,South
46.0,18385.0,19.522130654943172,27.0,2.64,3658.0,5.0,Marketing,High School,Full-time,East
63.0,16746.0,25.374486567981407,21.0,4.36,1285.0,1.0,Sales,PhD,Part-time,East
,9469.0,2.8541723432664408,25.0,2.54,2916.0,17.0,,Bachelor,Contract,North
52.0,12333.0,8.146299765067045,47.0,3.29,1296.0,2.0,Sales,Master,Contract,
58.0,19608.0,2.0121180749263012,48.0,3.35,4672.0,13.0,HR,PhD,Part-time,East
54.0,15819.0,1.299780593444413,45.0,1.74,,9.0,Sales,PhD,Contract,East
41.0,7208.0,3.1148481273414776,44.0,,2436.0,4.0,HR,High School,Contract,North
46.0,9283.0,23.250943489412272,31.0,2.34,2656.0,5.0,Marketing,Master,Contract,West
unknown,5048.0,17.888360240705985,24.0,,4307.0,11.0,HR,Bachelor,Full-time,East
48.0,9233.0,2.396441478701527,53.0,1.1,1801.0,19.0,Marketing,Master,Contract,South
52.0,15941.0,,56.0,4.33,4663.0,3.0,,bachelor,Full-time,South
50.0,15607.0,10.588402343014927,34.0,2.09,3640.0,12.0,HR,Master,Part-time,South
38.0,12765.0,11.555456799056829,55.0,3.07,3736.0,19.0,IT,bachelor,Contract,East
49.0,4828.0,2.0121180749263012,34.0,2.19,2852.0,19.0,Finance,Master,Contract,West
40.0,4917.0,1.1910043990779728,42.0,4.76,2432.0,13.0,Sales,High School,Contract,West
50.0,9988.0,8.146299765067045,25.0,2.04,3221.0,7.0,Finance,High School,Part-time,North
20.0,17594.0,17.888360240705985,40.0,2.72,864.0,15.0,sales,PhD,Full-time,East
35.0,,2.615312025507938,42.0,4.49,2890.0,7.0,Sales,High School,Full-time,West
42.0,3009.0,2.0121180749263012,35.0,4.37,1446.0,8.0,Marketing,PhD,Contract,East
59.0,19644.0,3.3993318165570168,34.0,1.74,1877.0,,Sales,PhD,Part-time,North
48.0,12865.0,30.221125126810783,44.0,4.21,1939.0,14.0,Sales,bachelor,Part-time,North
20.0,5219.0,8.146299765067045,55.0,2.83,3680.0,4.0,HR,Master,Part-time,
57.0,10041.0,1.4184914786230833,30.0,2.93,840.0,10.0,Finance,,Part-time,South
63.0,8287.0,2.396441478701527,34.0,1.53,,15.0,HR,Bachelor,Part-time,East
41.0,4619.0,17.888360240705985,23.0,1.32,882.0,18.0,Sales,High School,Full-time,North
49.0,11512.0,7.464551252216893,40.0,3.91,2056.0,13.0,Marketing,PhD,Full-time,East
,4342.0,3.3993318165570168,32.0,2.99,799.0,8.0,HR,High School,Full-time,South
39.0,missing,25.374486567981407,41.0,2.75,638.0,9.0,HR,Master,Contract,South
40.0,17231.0,1.8437276958805542,38.0,3.92,858.0,16.0,IT,PhD,Part-time,North
19.0,6490.0,1.4184914786230833,53.0,4.06,2022.0,19.0,Sales,PhD,Contract,North
44.0,12310.0,8.890313378533309,33.0,,3956.0,16.0,Marketing,Bachelor,,West
59.0,10984.0,4.418385525838954,23.0,3.44,2127.0,7.0,HR,Master,Full-time,East
19.0,15219.0,1.548044404628474,46.0,1.54,1803.0,14.0,HR,PhD,Contract,North
43.0,3235.0,23.250943489412272,48.0,4.01,1634.0,14.0,Marketing,,Full-time,West
34.0,13161.0,2.8541723432664408,47.0,,2686.0,4.0,sales,High School,Part-time,
57.0,4908.0,10.588402343014927,54.0,4.83,3670.0,15.0,,Master,Part-time,North
50.0,11567.0,1.4184914786230833,27.0,1.28,,3.0,HR,PhD,Part-time,West
26.0,6530.0,2.8541723432664408,35.0,1.23,2651.0,5.0,IT,Bachelor,Full-time,West
60.0,8256.0,4.048619147445124,55.0,2.13,1737.0,1.0,Finance,PhD,Part-time,East
56.0,11162.0,30.221125126810783,,2.05,4235.0,3.0,Sales,Master,Full-time,West
46.0,8415.0,15.019558495799362,37.0,1.99,3334.0,15.0,Finance,Master,Contract,East
59.0,6391.0,11.555456799056829,21.0,4.63,4760.0,8.0,Finance,PhD,Part-time,East
43.0,14157.0,1.1910043990779728,32.0,2.0,1498.0,4.0,Finance,,Part-time,East
52.0,8951.0,30.221125126810783,23.0,2.09,3067.0,2.0,Sales,High School,Part-time,South
42.0,,17.888360240705985,45.0,4.04,1807.0,10.0,Sales,PhD,Contract,West
,12064.0,30.221125126810783,44.0,2.8,1156.0,4.0,Marketing,Bachelor,Part-time,East
30.0,18524.0,,49.0,4.11,3160.0,3.0,IT,PhD,Full-time,North
24.0,3077.0,2.8541723432664408,30.0,1.26,2711.0,2.0,IT,High School,Full-time,South
53.0,10577.0,16.39131700105928,26.0,2.95,2409.0,17.0,Marketing,High School,Part-time,South
62.0,19984.0,1.548044404628474,50.0,1.13,4230.0,13.0,,High School,Part-time,West
37.0,17060.0,7.464551252216893,29.0,1.25,2546.0,5.0,Finance,High School,Contract,East
unknown,13535.0,4.821923214798455,58.0,4.63,3662.0,9.0,Marketing,High School,Contract,West
25.0,12510.0,3.7097978221234857,32.0,1.56,1640.0,,HR,Bachelor,Contract,South
63.0,9943.0,30.221125126810783,50.0,3.13,766.0,5.0,IT,bachelor,Part-time,East
33.0,14954.0,10.588402343014927,26.0,2.64,2345.0,10.0,Marketing,High School,Contract,North
31.0,10804.0,16.39131700105928,55.0,2.39,2208.0,8.0,HR,High School,Contract,East
29.0,9565.0,2.8541723432664408,39.0,4.6,4130.0,7.0,HR,PhD,Full-time,
40.0,8984.0,8.146299765067045,23.0,1.09,3711.0,7.0,HR,Bachelor,Contract,North
32.0,missing,21.30511573897233,26.0,3.66,2793.0,6.0,HR,Bachelor,Full-time,East
45.0,12184.0,9.70227885640271,20.0,4.85,4232.0,3.0,Finance,Master,Full-time,North
51.0,5192.0,25.374486567981407,32.0,3.24,4329.0,,HR,Bachelor,Contract,North
19.0,4248.0,1.6894295910947106,41.0,,2010.0,15.0,Finance,PhD,Full-time,South
49.0,14246.0,1.4184914786230833,40.0,1.21,975.0,4.0,Finance,PhD,Part-time,North
,15790.0,13.762599881032157,41.0,2.68,1476.0,12.0,HR,Master,Part-time,West
39.0,6687.0,6.839856990766432,47.0,2.04,1707.0,6.0,IT,,Contract,South
42.0,7018.0,2.195887796495635,,3.92,2460.0,19.0,sales,High School,Part-time,West
39.0,14302.0,,45.0,4.93,1057.0,4.0,HR,High School,Full-time,North
39.0,4970.0,12.610833769738296,28.0,2.03,1382.0,15.0,HR,PhD,Part-time,West
59.0,11389.0,27.69197597860336,34.0,3.62,2694.0,9.0,IT,Master,Contract,East
23.0,18374.0,13.762599881032157,29.0,1.79,3167.0,5.0,Sales,Bachelor,Contract,
32.0,missing,4.418385525838954,43.0,3.26,2110.0,13.0,Sales,Master,Full-time,East
60.0,8408.0,21.30511573897233,27.0,2.86,3988.0,18.0,Finance,Bachelor,Contract,West
54.0,12446.0,1.0913314799262288,43.0,4.89,2954.0,5.0,sales,PhD,Part-time,East
50.0,3922.0,3.1148481273414776,35.0,3.43,,16.0,IT,PhD,Contract,
25.0,3419.0,2.8541723432664408,45.0,2.4,2446.0,19.0,Marketing,High School,Full-time,East
61.0,13789.0,11.555456799056829,46.0,1.46,3308.0,14.0,Sales,Bachelor,Contract,West
61.0,4120.0,2.615312025507938,56.0,1.6,4325.0,16.0,Finance,Master,Part-time,West
22.0,14260.0,27.69197597860336,23.0,1.9,4036.0,15.0,Sales,PhD,Full-time,West
56.0,5336.0,1.0913314799262288,43.0,2.0,4302.0,4.0,IT,Master,Part-time,North
21.0,missing,15.019558495799362,38.0,4.4,4677.0,7.0,IT,High School,Full-time,West
23.0,5243.0,2.8541723432664408,55.0,3.24,2470.0,16.0,sales,Bachelor,Contract,
62.0,7612.0,9.70227885640271,58.0,3.09,4322.0,8.0,Marketing,Bachelor,Full-time,
49.0,16946.0,4.048619147445124,29.0,1.46,3319.0,17.0,,PhD,Full-time,West
47.0,14104.0,30.221125126810783,44.0,4.44,1402.0,16.0,Finance,Bachelor,Contract,East
64.0,16429.0,13.762599881032157,37.0,3.89,864.0,10.0,Sales,PhD,Part-time,South
52.0,9371.0,17.888360240705985,38.0,1.27,4758.0,10.0,HR,High School,Contract,
57.0,9359.0,7.464551252216893,55.0,3.83,3619.0,2.0,Marketing,Bachelor,Full-time,South
33.0,10863.0,19.522130654943172,29.0,3.17,3058.0,9.0,HR,PhD,Contract,East
30.0,6228.0,1.548044404628474,52.0,1.33,2363.0,17.0,Finance,Master,Full-time,North
59.0,17382.0,4.821923214798455,24.0,2.83,615.0,11.0,sales,PhD,Contract,East
47.0,5891.0,12.610833769738296,54.0,2.94,2884.0,10.0,HR,Bachelor,Contract,North
36.0,6756.0,1.6894295910947106,53.0,1.66,4435.0,17.0,Finance,,Part-time,North
34.0,18770.0,2.195887796495635,52.0,4.78,2990.0,4.0,sales,Bachelor,Full-time,West
36.0,19478.0,15.019558495799362,40.0,4.4,1442.0,16.0,Finance,Bachelor,Part-time,North
45.0,5674.0,17.888360240705985,,3.68,2224.0,15.0,Marketing,PhD,Full-time,South
unknown,9898.0,10.588402343014927,41.0,2.85,2834.0,5.0,IT,Master,Contract,West
,13147.0,3.3993318165570168,56.0,2.65,3267.0,,Sales,Bachelor,,West
,3793.0,12.610833769738296,34.0,3.6,1637.0,17.0,HR,Master,Part-time,East
40.0,5116.0,23.250943489412272,54.0,3.18,3027.0,1.0,Marketing,PhD,Part-time,North
26.0,8779.0,11.555456799056829,47.0,1.25,4617.0,19.0,IT,Master,Part-time,North
29.0,15298.0,6.267442217674128,26.0,3.05,3920.0,4.0,Finance,PhD,Full-time,South
18.0,17153.0,1.299780593444413,51.0,4.23,4406.0,,IT,High School,Part-time,East
18.0,14111.0,5.262316598096636,30.0,2.84,4137.0,9.0,Marketing,Master,Part-time,East
64.0,13789.0,15.019558495799362,29.0,1.21,3453.0,2.0,Marketing,Master,Part-time,West
51.0,14397.0,21.30511573897233,28.0,,2867.0,8.0,IT,High School,Contract,West
49.0,15999.0,1.299780593444413,33.0,1.81,4721.0,15.0,Finance,Master,,West
42.0,3814.0,9.70227885640271,32.0,2.03,776.0,7.0,IT,High School,Full-time,South
57.0,19729.0,4.048619147445124,44.0,1.66,2499.0,6.0,Marketing,Bachelor,,South
62.0,13541.0,2.615312025507938,21.0,2.32,1727.0,1.0,Marketing,PhD,Part-time,West
18.0,5443.0,6.267442217674128,54.0,4.03,4252.0,15.0,HR,High School,Contract,East
33.0,13457.0,4.048619147445124,26.0,3.08,4235.0,7.0,HR,Master,Part-time,South
,13380.0,2.195887796495635,40.0,1.82,1195.0,17.0,Sales,High School,Part-time,East
22.0,10783.0,1.0,37.0,4.51,1809.0,2.0,Marketing,Master,Contract,East
39.0,14473.0,6.267442217674128,22.0,4.52,4652.0,9.0,HR,Bachelor,Contract,North
46.0,91640.0,8.890313378533309,,4.48,,9.0,IT,High School,Contract,West
20.0,3827.0,4.418385525838954,30.0,1.96,4614.0,13.0,Finance,Bachelor,Full-time,North
29.0,10147.0,3.1148481273414776,58.0,2.8,2811.0,6.0,IT,PhD,Full-time,West
43.0,7451.0,11.555456799056829,,4.94,3341.0,6.0,Finance,Master,Part-time,West
33.0,18343.0,2.615312025507938,38.0,4.09,4708.0,3.0,HR,Master,Full-time,East
54.0,16635.0,21.30511573897233,23.0,1.11,4059.0,17.0,Sales,Bachelor,Contract,West
39.0,8959.0,19.522130654943172,45.0,1.26,,17.0,IT,PhD,Contract,East
46.0,3126.0,2.615312025507938,57.0,2.86,1041.0,12.0,IT,High School,Full-time,East
31.0,11795.0,1.6894295910947106,51.0,4.64,3194.0,,IT,High School,Part-time,West
45.0,14641.0,11.555456799056829,58.0,,,15.0,Finance,,Part-time,East
22.0,10196.0,2.396441478701527,55.0,2.99,,13.0,HR,Bachelor,Full-time,East
64.0,14559.0,16.39131700105928,59.0,1.42,524.0,1.0,IT,Bachelor,Part-time,East
47.0,6368.0,1.548044404628474,56.0,3.63,2072.0,17.0,IT,High School,Part-time,South
63.0,6797.0,3.3993318165570168,52.0,4.29,3458.0,3.0,Sales,PhD,,East
,90570.0,15.019558495799362,55.0,2.52,4736.0,15.0,Sales,PhD,Contract,South
29.0,16718.0,2.396441478701527,22.0,4.1,2267.0,4.0,HR,High School,Contract,South
33.0,4792.0,6.839856990766432,28.0,4.86,2735.0,4.0,HR,High School,Full-time,East
43.0,14053.0,8.890313378533309,27.0,1.82,700.0,18.0,Marketing,Bachelor,,East
43.0,6476.0,17.888360240705985,52.0,3.09,3698.0,17.0,Sales,PhD,Part-time,South
38.0,6417.0,17.888360240705985,25.0,2.15,756.0,19.0,Marketing,High School,Contract,South
56.0,4645.0,11.555456799056829,58.0,4.17,4247.0,11.0,Finance,High School,Full-time,
53.0,17755.0,1.299780593444413,23.0,,2741.0,3.0,Marketing,Master,Contract,East
50.0,6072.0,4.048619147445124,32.0,3.54,3675.0,8.0,IT,High School,Part-time,West
47.0,4854.0,19.522130654943172,21.0,4.19,4106.0,14.0,Marketing,bachelor,Part-time,South
54.0,7662.0,2.8541723432664408,24.0,2.58,3836.0,1.0,HR,,Full-time,South
40.0,9514.0,27.69197597860336,46.0,4.66,913.0,14.0,Finance,Bachelor,Contract,West
27.0,5708.0,3.3993318165570168,51.0,3.13,2514.0,2.0,IT,PhD,Contract,South
22.0,14694.0,11.555456799056829,40.0,1.63,1881.0,4.0,Marketing,Bachelor,Contract,North
53.0,12524.0,11.555456799056829,27.0,3.78,1598.0,19.0,Finance,Master,Part-time,South
51.0,9456.0,2.396441478701527,57.0,4.17,3926.0,6.0,Finance,High School,Full-time,
48.0,7212.0,15.019558495799362,27.0,2.27,4155.0,1.0,IT,Master,Contract,North
27.0,81120.0,1.0913314799262288,22.0,4.43,1409.0,17.0,Marketing,Bachelor,Part-time,East
36.0,10970.0,3.1148481273414776,,4.62,687.0,8.0,Finance,PhD,,West
49.0,19920.0,,41.0,2.11,4544.0,19.0,Finance,PhD,Part-time,West
18.0,4625.0,6.267442217674128,25.0,4.93,4256.0,1.0,Sales,Master,Contract,East
22.0,13314.0,2.396441478701527,21.0,1.56,2515.0,5.0,Finance,Bachelor,Contract,West
62.0,10973.0,9.70227885640271,42.0,,2592.0,16.0,Sales,Master,Contract,South
21.0,11577.0,1.1910043990779728,21.0,1.74,4144.0,6.0,Marketing,Master,Contract,East
33.0,11070.0,4.048619147445124,57.0,4.58,2630.0,8.0,Marketing,High School,Contract,West
41.0,missing,10.588402343014927,,3.62,857.0,13.0,Marketing,Master,Contract,East
33.0,6600.0,11.555456799056829,54.0,1.61,2922.0,16.0,HR,High School,Contract,East
19.0,9783.0,5.742931760841161,53.0,2.76,4757.0,3.0,Marketing,High School,Contract,East
45.0,16226.0,3.7097978221234857,42.0,3.46,1997.0,19.0,Finance,PhD,Contract,North
49.0,12146.0,23.250943489412272,49.0,1.33,2658.0,12.0,IT,High School,Part-time,West
44.0,7971.0,5.262316598096636,27.0,4.53,3055.0,16.0,,High School,Contract,North
37.0,16490.0,1.548044404628474,41.0,4.21,2842.0,11.0,HR,PhD,Full-time,West
41.0,15951.0,,55.0,3.02,3451.0,10.0,Marketing,Master,Part-time,South
29.0,15312.0,1.4184914786230833,24.0,4.87,1738.0,4.0,Marketing,Bachelor,Contract,South
52.0,4990.0,1.1910043990779728,32.0,2.67,1473.0,12.0,IT,Bachelor,Full-time,South
50.0,8299.0,1.0,48.0,4.94,4465.0,2.0,IT,Bachelor,Contract,West
,15043.0,12.610833769738296,21.0,3.4,,17.0,Finance,Master,,North
33.0,4792.0,6.839856990766432,28.0,4.86,2735.0,4.0,HR,High School,Full-time,East
19.0,3412.0,15.019558495799362,,4.3,3490.0,12.0,Finance,Master,Full-time,North
45.0,8989.0,19.522130654943172,55.0,1.17,2761.0,11.0,sales,Bachelor,Part-time,East
,14657.0,12.610833769738296,49.0,2.21,1654.0,2.0,,High School,Full-time,North
57.0,10041.0,1.4184914786230833,30.0,2.93,840.0,10.0,Finance,,Part-time,South
30.0,6228.0,1.548044404628474,52.0,1.33,2363.0,17.0,Finance,Master,Full-time,North
21.0,,15.019558495799362,38.0,4.4,4677.0,7.0,IT,High School,Full-time,West
52.0,7632.0,,44.0,2.47,859.0,7.0,Sales,PhD,Part-time,West
38.0,9738.0,1.299780593444413,32.0,,1413.0,16.0,Finance,PhD,Contract,East
32.0,16216.0,6.839856990766432,,,3027.0,,HR,High School,Part-time,East
37.0,18913.0,2.615312025507938,42.0,1.26,2511.0,5.0,HR,Bachelor,Contract,South
19.0,6490.0,1.4184914786230833,53.0,4.06,2022.0,19.0,Sales,PhD,Contract,North
37.0,13916.0,6.267442217674128,33.0,1.29,2436.0,7.0,IT,Bachelor,Part-time,East
55.0,15015.0,8.890313378533309,39.0,4.55,4260.0,18.0,,Bachelor,Part-time,West
26.0,6530.0,2.8541723432664408,35.0,1.23,2651.0,5.0,IT,Bachelor,Full-time,West
35.0,10494.0,5.742931760841161,45.0,3.48,1339.0,16.0,IT,Bachelor,Part-time,West
59.0,7729.0,1.8437276958805542,39.0,4.06,941.0,10.0,IT,Master,Full-time,South
20.0,7188.0,1.6894295910947106,52.0,3.62,3949.0,18.0,Finance,High School,Contract,West
31.0,18728.0,7.464551252216893,37.0,2.92,3773.0,8.0,HR,Master,Full-time,West
